listingId,title,description,address,city,state,zipcode,salary,careerField,contactEmail
0, space, a,saver to match, list, element,0,0, number to, the listing ID
1,Trimmer,a,123 Wee Drive,Boring,Oregon,97009,66292,Cannabis Trimmer,info@haloco.com 
2,Machine Operator,b,45 Hot Lane,Whynot,North Carolina,27341,37000,Kiln Operator,careers@canfor.com
3,Tour Guide,c,789 Nolight way,Colorado Springs,Colorado,81601,33800,Cave tour guide,info@glenwoodcaverns.com
4,Assistant,d,321 Makeahol Avenue,Columbus,Ohio,45601,41900,Driller Assistant,employment@terracon.com 
5,Consultant,e,56 Byit Lane,Ft Worth,Texas,77303,61300,Sales Consultant,jokeefe@khov.com
6,General Sales Associate,f,987 Redneck Way,Conway,Arkansas,72016,23300,Dollar General Sales Associate,custsvc@dollargeneral.com
7,Driller/Driller Helper- Non-Oil Field,g,777 Chaching Boulevard,Jackpot,Nevada,89825,120000,Surface Driller/Driller Helper- Non-oil field,info@majordrilling.com 
8,Ballistics Engineering,h,65 Bangbang Street,Huntington,West Virginia,25043,182058,Manager 2 - Ballistics Engineering,Jarrod.Krull@ngc.com 
9,Sex Offender Treatment Provider,i,321 Nope Drive,Grandview,Texas,76542,80000,Lead Sex Offender Treatment Provider,Heather.Manuz@mtctrains.com 
10,Controller,j,7654 Lol Lane,Philadelphia,Pennsylvania,17529,85000,Assistant Controller,feedback@jobot.com
